id;figura;legenda
1;ğŸ˜€;Grinning Face
2;ğŸ˜;Beaming Face With Smiling Eyes
3;ğŸ˜‚;Face With Tears of Joy
4;ğŸ¤£;Rolling on the Floor Laughing
5;ğŸ˜ƒ;Grinning Face With Big Eyes
6;ğŸ˜„;Grinning Face With Smiling Eyes
7;ğŸ˜…;Grinning Face With Sweat
8;ğŸ˜†;Grinning Squinting Face
9;ğŸ˜‰;Winking Face
10;ğŸ˜Š;Smiling Face With Smiling Eyes
11;ğŸ˜‹;Face Savoring Food
12;ğŸ˜;Smiling Face With Sunglasses
13;ğŸ˜;Smiling Face With Heart-Eyes
14;ğŸ˜˜;Face Blowing a Kiss
15;ğŸ˜—;Kissing Face
16;ğŸ˜™;Kissing Face With Smiling Eyes
17;ğŸ˜š;Kissing Face With Closed Eyes
18;ğŸ™‚;Slightly Smiling Face
19;ğŸ¤—;Hugging Face
20;ğŸ¤©;Star-Struck
21;ğŸ¤”;Thinking Face
22;ğŸ¤¨;Face With Raised Eyebrow
23;ğŸ˜;Neutral Face
24;ğŸ˜‘;Expressionless Face
25;ğŸ˜¶;Face Without Mouth
26;ğŸ™„;Face With Rolling Eyes
27;ğŸ˜;Smirking Face
28;ğŸ˜£;Persevering Face
29;ğŸ˜¥;Sad but Relieved Face
30;ğŸ˜®;Face With Open Mouth
31;ğŸ¤;Zipper-Mouth Face
32;ğŸ˜¯;Hushed Face
33;ğŸ˜ª;Sleepy Face
34;ğŸ˜«;Tired Face
35;ğŸ˜´;Sleeping Face
36;ğŸ˜Œ;Relieved Face
37;ğŸ˜›;Face With Tongue
38;ğŸ˜œ;Winking Face With Tongue
39;ğŸ˜;Squinting Face With Tongue
40;ğŸ¤¤;Drooling Face
41;ğŸ˜’;Unamused Face
42;ğŸ˜“;Downcast Face With Sweat
43;ğŸ˜”;Pensive Face
44;ğŸ˜•;Confused Face
45;ğŸ™ƒ;Upside-Down Face
46;ğŸ¤‘;Money-Mouth Face
47;ğŸ˜²;Astonished Face
48;â˜¹;Frowning Face
49;ğŸ™;Slightly Frowning Face
50;ğŸ˜–;Confounded Face
51;ğŸ˜;Disappointed Face
52;ğŸ˜Ÿ;Worried Face
53;ğŸ˜¤;Face With Steam From Nose
54;ğŸ˜¢;Crying Face
55;ğŸ˜­;Loudly Crying Face
56;ğŸ˜¦;Frowning Face With Open Mouth
57;ğŸ˜§;Anguished Face
58;ğŸ˜¨;Fearful Face
59;ğŸ˜©;Weary Face
60;ğŸ¤¯;Exploding Head
61;ğŸ˜¬;Grimacing Face
62;ğŸ˜°;Anxious Face With Sweat
63;ğŸ˜±;Face Screaming in Fear
64;ğŸ˜³;Flushed Face
65;ğŸ¤ª;Zany Face
66;ğŸ˜µ;Dizzy Face
67;ğŸ˜¡;Pouting Face
68;ğŸ˜ ;Angry Face
69;ğŸ¤¬;Face With Symbols on Mouth
70;ğŸ˜·;Face With Medical Mask
71;ğŸ¤’;Face With Thermometer
72;ğŸ¤•;Face With Head-Bandage
73;ğŸ¤¢;Nauseated Face
74;ğŸ¤®;Face Vomiting
75;ğŸ¤§;Sneezing Face
76;ğŸ˜‡;Smiling Face With Halo
77;ğŸ¤ ;Cowboy Hat Face
78;ğŸ¤¡;Clown Face
79;ğŸ¤¥;Lying Face
80;ğŸ¤«;Shushing Face
81;ğŸ¤­;Face With Hand Over Mouth
82;ğŸ§;Face With Monocle
83;ğŸ¤“;Nerd Face
84;ğŸ˜ˆ;Smiling Face With Horns
85;ğŸ‘¿;Angry Face With Horns
86;ğŸ‘¹;Ogre
87;ğŸ‘º;Goblin
88;ğŸ’€;Skull
89;ğŸ‘»;Ghost
90;ğŸ‘½;Alien
91;ğŸ¤–;Robot Face
92;ğŸ’©;Pile of Poo
93;ğŸ˜º;Grinning Cat Face
94;ğŸ˜¸;Grinning Cat Face With Smiling Eyes
95;ğŸ˜¹;Cat Face With Tears of Joy
96;ğŸ˜»;Smiling Cat Face With Heart-Eyes
97;ğŸ˜¼;Cat Face With Wry Smile
98;ğŸ˜½;Kissing Cat Face
99;ğŸ™€;Weary Cat Face
100;ğŸ˜¿;Crying Cat Face
101;ğŸ˜¾;Pouting Cat Face
102;ğŸ‘¶;Baby
103;ğŸ‘¦;Boy
104;ğŸ‘§;Girl
105;ğŸ‘¨;Man
106;ğŸ‘©;Woman
107;ğŸ‘´;Old Man
108;ğŸ‘µ;Old Woman
109;ğŸ‘¨â€âš•ï¸;Man Health Worker
110;ğŸ‘©â€âš•ï¸;Woman Health Worker
111;ğŸ‘¨â€ğŸ“;Man Student
112;ğŸ‘©â€ğŸ“;Woman Student
113;ğŸ‘¨â€âš–ï¸;Man Judge
114;ğŸ‘©â€âš–ï¸;Woman Judge
115;ğŸ‘¨â€ğŸŒ¾;Man Farmer
116;ğŸ‘©â€ğŸŒ¾;Woman Farmer
117;ğŸ‘¨â€ğŸ³;Man Cook
118;ğŸ‘©â€ğŸ³;Woman Cook
119;ğŸ‘¨â€ğŸ”§;Man Mechanic
120;ğŸ‘©â€ğŸ”§;Woman Mechanic
121;ğŸ‘¨â€ğŸ­;Man Factory Worker
122;ğŸ‘©â€ğŸ­;Woman Factory Worker
123;ğŸ‘¨â€ğŸ’¼;Man Office Worker
124;ğŸ‘©â€ğŸ’¼;Woman Office Worker
125;ğŸ‘¨â€ğŸ”¬;Man Scientist
126;ğŸ‘©â€ğŸ”¬;Woman Scientist
127;ğŸ‘¨â€ğŸ’»;Man Technologist
128;ğŸ‘©â€ğŸ’»;Woman Technologist
129;ğŸ‘¨â€ğŸ¤;Man Singer
130;ğŸ‘©â€ğŸ¤;Woman Singer
131;ğŸ‘¨â€ğŸ¨;Man Artist
132;ğŸ‘©â€ğŸ¨;Woman Artist
133;ğŸ‘¨â€âœˆï¸;Man Pilot
134;ğŸ‘©â€âœˆï¸;Woman Pilot
135;ğŸ‘¨â€ğŸš€;Man Astronaut
136;ğŸ‘©â€ğŸš€;Woman Astronaut
137;ğŸ‘¨â€ğŸš’;Man Firefighter
138;ğŸ‘©â€ğŸš’;Woman Firefighter
139;ğŸ‘®;Police Officer
140;ğŸ‘®â€â™‚ï¸;Man Police Officer
141;ğŸ‘®â€â™€ï¸;Woman Police Officer
142;ğŸ•µ;Detective
143;ğŸ•µï¸â€â™‚ï¸;Man Detective
144;ğŸ•µï¸â€â™€ï¸;Woman Detective
145;ğŸ’‚;Guard
146;ğŸ’‚â€â™‚ï¸;Man Guard
147;ğŸ’‚â€â™€ï¸;Woman Guard
148;ğŸ‘·;Construction Worker
149;ğŸ‘·â€â™‚ï¸;Man Construction Worker
150;ğŸ‘·â€â™€ï¸;Woman Construction Worker
151;ğŸ¤´;Prince
152;ğŸ‘¸;Princess
153;ğŸ‘³;Person Wearing Turban
154;ğŸ‘³â€â™‚ï¸;Man Wearing Turban
155;ğŸ‘³â€â™€ï¸;Woman Wearing Turban
156;ğŸ‘²;Man With Chinese Cap
157;ğŸ§•;Woman With Headscarf
158;ğŸ§”;Bearded Person
159;ğŸ‘±;Blond-Haired Person
160;ğŸ‘±â€â™‚ï¸;Blond-Haired Man
161;ğŸ‘±â€â™€ï¸;Blond-Haired Woman
162;ğŸ¤µ;Man in Tuxedo
163;ğŸ‘°;Bride With Veil
164;ğŸ¤°;Pregnant Woman
165;ğŸ¤±;Breast-Feeding
166;ğŸ‘¼;Baby Angel
167;ğŸ…;Santa Claus
168;ğŸ¤¶;Mrs. Claus
169;ğŸ§™â€â™€ï¸;Woman Mage
170;ğŸ§™â€â™‚ï¸;Man Mage
171;ğŸ§šâ€â™€ï¸;Woman Fairy
172;ğŸ§šâ€â™‚ï¸;Man Fairy
173;ğŸ§›â€â™€ï¸;Woman Vampire
174;ğŸ§›â€â™‚ï¸;Man Vampire
175;ğŸ§œâ€â™€ï¸;Mermaid
176;ğŸ§œâ€â™‚ï¸;Merman
177;ğŸ§â€â™€ï¸;Woman Elf
178;ğŸ§â€â™‚ï¸;Man Elf
179;ğŸ§â€â™€ï¸;Woman Genie
180;ğŸ§â€â™‚ï¸;Man Genie
181;ğŸ§Ÿâ€â™€ï¸;Woman Zombie
182;ğŸ§Ÿâ€â™‚ï¸;Man Zombie
183;ğŸ™;Person Frowning
184;ğŸ™â€â™‚ï¸;Man Frowning
185;ğŸ™â€â™€ï¸;Woman Frowning
186;ğŸ™;Person Pouting
187;ğŸ™â€â™‚ï¸;Man Pouting
188;ğŸ™â€â™€ï¸;Woman Pouting
189;ğŸ™…;Person Gesturing No
190;ğŸ™…â€â™‚ï¸;Man Gesturing No
191;ğŸ™…â€â™€ï¸;Woman Gesturing No
192;ğŸ™†;Person Gesturing OK
193;ğŸ™†â€â™‚ï¸;Man Gesturing OK
194;ğŸ™†â€â™€ï¸;Woman Gesturing OK
195;ğŸ’;Person Tipping Hand
196;ğŸ’â€â™‚ï¸;Man Tipping Hand
197;ğŸ’â€â™€ï¸;Woman Tipping Hand
198;ğŸ™‹;Person Raising Hand
199;ğŸ™‹â€â™‚ï¸;Man Raising Hand
200;ğŸ™‹â€â™€ï¸;Woman Raising Hand
201;ğŸ™‡;Person Bowing
202;ğŸ™‡â€â™‚ï¸;Man Bowing
203;ğŸ™‡â€â™€ï¸;Woman Bowing
204;ğŸ¤¦;Person Facepalming
205;ğŸ¤¦â€â™‚ï¸;Man Facepalming
206;ğŸ¤¦â€â™€ï¸;Woman Facepalming
207;ğŸ¤·;Person Shrugging
208;ğŸ¤·â€â™‚ï¸;Man Shrugging
209;ğŸ¤·â€â™€ï¸;Woman Shrugging
210;ğŸ’†;Person Getting Massage
211;ğŸ’†â€â™‚ï¸;Man Getting Massage
212;ğŸ’†â€â™€ï¸;Woman Getting Massage
213;ğŸ’‡;Person Getting Haircut
214;ğŸ’‡â€â™‚ï¸;Man Getting Haircut
215;ğŸ’‡â€â™€ï¸;Woman Getting Haircut
216;ğŸš¶;Person Walking
217;ğŸš¶â€â™‚ï¸;Man Walking
218;ğŸš¶â€â™€ï¸;Woman Walking
219;ğŸƒ;Person Running
220;ğŸƒâ€â™‚ï¸;Man Running
221;ğŸƒâ€â™€ï¸;Woman Running
222;ğŸ’ƒ;Woman Dancing
223;ğŸ•º;Man Dancing
224;ğŸ‘¯;People With Bunny Ears
225;ğŸ‘¯â€â™‚ï¸;Men With Bunny Ears
226;ğŸ‘¯â€â™€ï¸;Women With Bunny Ears
227;ğŸ§–â€â™€ï¸;Woman in Steamy Room
228;ğŸ§–â€â™‚ï¸;Man in Steamy Room
229;ğŸ•´;Man in Suit Levitating
230;ğŸ—£;Speaking Head
231;ğŸ‘¤;Bust in Silhouette
232;ğŸ‘¥;Busts in Silhouette
233;ğŸ‘«;Man and Woman Holding Hands
234;ğŸ‘¬;Two Men Holding Hands
235;ğŸ‘­;Two Women Holding Hands
236;ğŸ’;Kiss
237;ğŸ‘¨â€â¤ï¸â€ğŸ’‹â€ğŸ‘¨;Kiss: Man, Man
238;ğŸ‘©â€â¤ï¸â€ğŸ’‹â€ğŸ‘©;Kiss: Woman, Woman
239;ğŸ’‘;Couple With Heart
240;ğŸ‘¨â€â¤ï¸â€ğŸ‘¨;Couple With Heart: Man, Man
241;ğŸ‘©â€â¤ï¸â€ğŸ‘©;Couple With Heart: Woman, Woman
242;â˜º;Smiling Face
243;ğŸ‘ª;Family
244;ğŸ‘¨â€ğŸ‘©â€ğŸ‘¦;Family: Man, Woman, Boy
245;ğŸ‘¨â€ğŸ‘©â€ğŸ‘§;Family: Man, Woman, Girl
246;ğŸ‘¨â€ğŸ‘©â€ğŸ‘§â€ğŸ‘¦;Family: Man, Woman, Girl, Boy
247;ğŸ‘¨â€ğŸ‘©â€ğŸ‘¦â€ğŸ‘¦;Family: Man, Woman, Boy, Boy
248;ğŸ‘¨â€ğŸ‘©â€ğŸ‘§â€ğŸ‘§;Family: Man, Woman, Girl, Girl
249;ğŸ‘¨â€ğŸ‘¨â€ğŸ‘¦;Family: Man, Man, Boy
250;ğŸ‘¨â€ğŸ‘¨â€ğŸ‘§;Family: Man, Man, Girl
251;ğŸ‘¨â€ğŸ‘¨â€ğŸ‘§â€ğŸ‘¦;Family: Man, Man, Girl, Boy
252;ğŸ‘¨â€ğŸ‘¨â€ğŸ‘¦â€ğŸ‘¦;Family: Man, Man, Boy, Boy
253;ğŸ‘¨â€ğŸ‘¨â€ğŸ‘§â€ğŸ‘§;Family: Man, Man, Girl, Girl
254;ğŸ‘©â€ğŸ‘©â€ğŸ‘¦;Family: Woman, Woman, Boy
255;ğŸ‘©â€ğŸ‘©â€ğŸ‘§;Family: Woman, Woman, Girl
256;ğŸ‘©â€ğŸ‘©â€ğŸ‘§â€ğŸ‘¦;Family: Woman, Woman, Girl, Boy
257;ğŸ‘©â€ğŸ‘©â€ğŸ‘¦â€ğŸ‘¦;Family: Woman, Woman, Boy, Boy
258;ğŸ‘©â€ğŸ‘©â€ğŸ‘§â€ğŸ‘§;Family: Woman, Woman, Girl, Girl
259;ğŸ‘¨â€ğŸ‘¦;Family: Man, Boy
260;ğŸ‘¨â€ğŸ‘¦â€ğŸ‘¦;Family: Man, Boy, Boy
261;ğŸ‘¨â€ğŸ‘§;Family: Man, Girl
262;ğŸ‘¨â€ğŸ‘§â€ğŸ‘¦;Family: Man, Girl, Boy
263;ğŸ‘¨â€ğŸ‘§â€ğŸ‘§;Family: Man, Girl, Girl
264;ğŸ‘©â€ğŸ‘¦;Family: Woman, Boy
265;ğŸ‘©â€ğŸ‘¦â€ğŸ‘¦;Family: Woman, Boy, Boy
266;ğŸ‘©â€ğŸ‘§;Family: Woman, Girl
267;ğŸ‘©â€ğŸ‘§â€ğŸ‘¦;Family: Woman, Girl, Boy
268;ğŸ‘©â€ğŸ‘§â€ğŸ‘§;Family: Woman, Girl, Girl
269;ğŸ¤³;Selfie
270;ğŸ’ª;Flexed Biceps
271;ğŸ‘ˆ;Backhand Index Pointing Left
272;ğŸ‘‰;Backhand Index Pointing Right
273;â˜;Index Pointing Up
274;ğŸ‘†;Backhand Index Pointing Up
275;ğŸ–•;Middle Finger
276;ğŸ‘‡;Backhand Index Pointing Down
277;âœŒ;Victory Hand
278;ğŸ¤;Crossed Fingers
279;ğŸ––;Vulcan Salute
280;ğŸ¤˜;Sign of the Horns
281;ğŸ–;Hand With Fingers Splayed
282;âœ‹;Raised Hand
283;ğŸ‘Œ;OK Hand
284;ğŸ‘;Thumbs Up
285;ğŸ‘;Thumbs Down
286;âœŠ;Raised Fist
287;ğŸ‘Š;Oncoming Fist
288;ğŸ¤›;Left-Facing Fist
289;ğŸ¤œ;Right-Facing Fist
290;ğŸ¤š;Raised Back of Hand
291;ğŸ‘‹;Waving Hand
292;ğŸ¤Ÿ;Love-You Gesture
293;âœ;Writing Hand
294;ğŸ‘;Clapping Hands
295;ğŸ‘;Open Hands
296;ğŸ™Œ;Raising Hands
297;ğŸ¤²;Palms Up Together
298;ğŸ™;Folded Hands
299;ğŸ¤;Handshake
300;ğŸ’…;Nail Polish
301;ğŸ‘‚;Ear
302;ğŸ‘ƒ;Nose
303;ğŸ‘£;Footprints
304;ğŸ‘€;Eyes
305;ğŸ‘;Eye
306;ğŸ§ ;Brain
307;ğŸ‘…;Tongue
308;ğŸ‘„;Mouth
309;ğŸ’‹;Kiss Mark
310;ğŸ‘“;Glasses
311;ğŸ•¶;Sunglasses
312;ğŸ‘”;Necktie
313;ğŸ‘•;T-Shirt
314;ğŸ‘–;Jeans
315;ğŸ§£;Scarf
316;ğŸ§¤;Gloves
317;ğŸ§¥;Coat
318;ğŸ§¦;Socks
319;ğŸ‘—;Dress
320;ğŸ‘˜;Kimono
321;ğŸ‘™;Bikini
322;ğŸ‘š;Womanâ€™s Clothes
323;ğŸ‘›;Purse
324;ğŸ‘œ;Handbag
325;ğŸ‘;Clutch Bag
326;ğŸ’;School Backpack
327;ğŸ‘;Manâ€™s Shoe
328;ğŸ‘Ÿ;Running Shoe
329;ğŸ‘ ;High-Heeled Shoe
330;ğŸ‘¡;Womanâ€™s Sandal
331;ğŸ‘¢;Womanâ€™s Boot
332;ğŸ‘‘;Crown
333;ğŸ‘’;Womanâ€™s Hat
334;ğŸ©;Top Hat
335;ğŸ“;Graduation Cap
336;ğŸ§¢;Billed Cap
337;â›‘;Rescue Workerâ€™s Helmet
338;ğŸ’„;Lipstick
339;ğŸ’;Ring
340;ğŸŒ‚;Closed Umbrella
341;â˜‚;Umbrella
342;ğŸ’¼;Briefcase
344;ğŸ™ˆ;See-No-Evil Monkey
345;ğŸ™‰;Hear-No-Evil Monkey
346;ğŸ™Š;Speak-No-Evil Monkey
347;ğŸ’¥;Collision
348;ğŸ’¦;Sweat Droplets
349;ğŸ’¨;Dashing Away
350;ğŸ’«;Dizzy
351;ğŸµ;Monkey Face
352;ğŸ’;Monkey
353;ğŸ¦;Gorilla
354;ğŸ¶;Dog Face
355;ğŸ•;Dog
356;ğŸ©;Poodle
357;ğŸº;Wolf Face
358;ğŸ¦Š;Fox Face
359;ğŸ±;Cat Face
360;ğŸˆ;Cat
361;ğŸ¦;Lion Face
362;ğŸ¯;Tiger Face
363;ğŸ…;Tiger
364;ğŸ†;Leopard
365;ğŸ´;Horse Face
366;ğŸ;Horse
367;ğŸ¦„;Unicorn Face
368;ğŸ¦“;Zebra
369;ğŸ®;Cow Face
370;ğŸ‚;Ox
371;ğŸƒ;Water Buffalo
372;ğŸ„;Cow
373;ğŸ·;Pig Face
374;ğŸ–;Pig
375;ğŸ—;Boar
376;ğŸ½;Pig Nose
377;ğŸ;Ram
378;ğŸ‘;Ewe
379;ğŸ;Goat
380;ğŸª;Camel
381;ğŸ«;Two-Hump Camel
382;ğŸ¦’;Giraffe
383;ğŸ˜;Elephant
384;ğŸ¦;Rhinoceros
385;ğŸ­;Mouse Face
386;ğŸ;Mouse
387;ğŸ€;Rat
388;ğŸ¹;Hamster Face
389;ğŸ°;Rabbit Face
390;ğŸ‡;Rabbit
391;ğŸ¿;Chipmunk
392;ğŸ¦”;Hedgehog
393;ğŸ¦‡;Bat
394;ğŸ»;Bear Face
395;ğŸ¨;Koala
396;ğŸ¼;Panda Face
397;ğŸ¾;Paw Prints
398;ğŸ¦ƒ;Turkey
399;ğŸ”;Chicken
400;ğŸ“;Rooster
401;ğŸ£;Hatching Chick
402;ğŸ¤;Baby Chick
403;ğŸ¥;Front-Facing Baby Chick
404;ğŸ¦;Bird
405;ğŸ§;Penguin
406;ğŸ•Š;Dove
407;ğŸ¦…;Eagle
408;ğŸ¦†;Duck
409;ğŸ¦‰;Owl
410;ğŸ¸;Frog Face
411;ğŸŠ;Crocodile
412;ğŸ¢;Turtle
413;ğŸ¦;Lizard
414;ğŸ;Snake
415;ğŸ²;Dragon Face
416;ğŸ‰;Dragon
417;ğŸ¦•;Sauropod
418;ğŸ¦–;T-Rex
419;ğŸ³;Spouting Whale
420;ğŸ‹;Whale
421;ğŸ¬;Dolphin
422;ğŸŸ;Fish
423;ğŸ ;Tropical Fish
424;ğŸ¡;Blowfish
425;ğŸ¦ˆ;Shark
426;ğŸ™;Octopus
427;ğŸš;Spiral Shell
428;ğŸ¦€;Crab
429;ğŸ¦;Shrimp
430;ğŸ¦‘;Squid
431;ğŸŒ;Snail
432;ğŸ¦‹;Butterfly
433;ğŸ›;Bug
434;ğŸœ;Ant
435;ğŸ;Honeybee
436;ğŸ;Lady Beetle
437;ğŸ¦—;Cricket
438;ğŸ•·;Spider
439;ğŸ•¸;Spider Web
440;ğŸ¦‚;Scorpion
441;ğŸ’;Bouquet
442;ğŸŒ¸;Cherry Blossom
443;ğŸ’®;White Flower
444;ğŸµ;Rosette
445;ğŸŒ¹;Rose
446;ğŸ¥€;Wilted Flower
447;ğŸŒº;Hibiscus
448;ğŸŒ»;Sunflower
449;ğŸŒ¼;Blossom
450;ğŸŒ·;Tulip
451;ğŸŒ±;Seedling
452;ğŸŒ²;Evergreen Tree
453;ğŸŒ³;Deciduous Tree
454;ğŸŒ´;Palm Tree
455;ğŸŒµ;Cactus
456;ğŸŒ¾;Sheaf of Rice
457;ğŸŒ¿;Herb
458;â˜˜;Shamrock
459;ğŸ€;Four Leaf Clover
460;ğŸ;Maple Leaf
461;ğŸ‚;Fallen Leaf
462;ğŸƒ;Leaf Fluttering in Wind
463;ğŸ„;Mushroom
464;ğŸŒ°;Chestnut
465;ğŸŒ;Globe Showing Europe-Africa
466;ğŸŒ;Globe Showing Americas
467;ğŸŒ;Globe Showing Asia-Australia
468;ğŸŒ;Globe With Meridians
469;ğŸŒ‘;New Moon
470;ğŸŒ’;Waxing Crescent Moon
471;ğŸŒ“;First Quarter Moon
472;ğŸŒ”;Waxing Gibbous Moon
473;ğŸŒ•;Full Moon
474;ğŸŒ–;Waning Gibbous Moon
475;ğŸŒ—;Last Quarter Moon
476;ğŸŒ˜;Waning Crescent Moon
477;ğŸŒ™;Crescent Moon
478;ğŸŒš;New Moon Face
479;ğŸŒ›;First Quarter Moon Face
480;ğŸŒœ;Last Quarter Moon Face
481;â˜€;Sun
482;ğŸŒ;Full Moon Face
483;ğŸŒ;Sun With Face
484;â­;White Medium Star
485;ğŸŒŸ;Glowing Star
486;ğŸŒ ;Shooting Star
487;â˜;Cloud
488;â›…;Sun Behind Cloud
489;â›ˆ;Cloud With Lightning and Rain
490;ğŸŒ¤;Sun Behind Small Cloud
491;ğŸŒ¥;Sun Behind Large Cloud
492;ğŸŒ¦;Sun Behind Rain Cloud
493;ğŸŒ§;Cloud With Rain
494;ğŸŒ¨;Cloud With Snow
495;ğŸŒ©;Cloud With Lightning
496;ğŸŒª;Tornado
497;ğŸŒ«;Fog
498;ğŸŒ¬;Wind Face
499;ğŸŒˆ;Rainbow
500;â˜‚;Umbrella
501;â˜”;Umbrella With Rain Drops
502;âš¡;High Voltage
503;â„;Snowflake
504;â˜ƒ;Snowman
505;â›„;Snowman Without Snow
506;â˜„;Comet
507;ğŸ”¥;Fire
508;ğŸ’§;Droplet
509;ğŸŒŠ;Water Wave
510;ğŸ„;Christmas Tree
511;âœ¨;Sparkles
512;ğŸ‹;Tanabata Tree
513;ğŸ;Pine Decoration
515;ğŸ‡;Grapes
516;ğŸˆ;Melon
517;ğŸ‰;Watermelon
518;ğŸŠ;Tangerine
519;ğŸ‹;Lemon
520;ğŸŒ;Banana
521;ğŸ;Pineapple
522;ğŸ;Red Apple
523;ğŸ;Green Apple
524;ğŸ;Pear
525;ğŸ‘;Peach
526;ğŸ’;Cherries
527;ğŸ“;Strawberry
528;ğŸ¥;Kiwi Fruit
529;ğŸ…;Tomato
530;ğŸ¥¥;Coconut
531;ğŸ¥‘;Avocado
532;ğŸ†;Eggplant
533;ğŸ¥”;Potato
534;ğŸ¥•;Carrot
535;ğŸŒ½;Ear of Corn
536;ğŸŒ¶;Hot Pepper
537;ğŸ¥’;Cucumber
538;ğŸ¥¦;Broccoli
539;ğŸ„;Mushroom
540;ğŸ¥œ;Peanuts
541;ğŸŒ°;Chestnut
542;ğŸ;Bread
543;ğŸ¥;Croissant
544;ğŸ¥–;Baguette Bread
545;ğŸ¥¨;Pretzel
546;ğŸ¥;Pancakes
547;ğŸ§€;Cheese Wedge
548;ğŸ–;Meat on Bone
549;ğŸ—;Poultry Leg
550;ğŸ¥©;Cut of Meat
551;ğŸ¥“;Bacon
552;ğŸ”;Hamburger
553;ğŸŸ;French Fries
554;ğŸ•;Pizza
555;ğŸŒ­;Hot Dog
556;ğŸ¥ª;Sandwich
557;ğŸŒ®;Taco
558;ğŸŒ¯;Burrito
559;ğŸ³;Cooking
560;ğŸ²;Pot of Food
561;ğŸ¥£;Bowl With Spoon
562;ğŸ¥—;Green Salad
563;ğŸ¿;Popcorn
564;ğŸ¥«;Canned Food
565;ğŸ±;Bento Box
566;ğŸ˜;Rice Cracker
567;ğŸ™;Rice Ball
568;ğŸš;Cooked Rice
569;ğŸ›;Curry Rice
570;ğŸœ;Steaming Bowl
571;ğŸ;Spaghetti
572;ğŸ ;Roasted Sweet Potato
573;ğŸ¢;Oden
574;ğŸ£;Sushi
575;ğŸ¤;Fried Shrimp
576;ğŸ¥;Fish Cake With Swirl
577;ğŸ¡;Dango
578;ğŸ¥Ÿ;Dumpling
579;ğŸ¥ ;Fortune Cookie
580;ğŸ¥¡;Takeout Box
581;ğŸ¦;Soft Ice Cream
582;ğŸ§;Shaved Ice
583;ğŸ¨;Ice Cream
584;ğŸ©;Doughnut
585;ğŸª;Cookie
586;ğŸ‚;Birthday Cake
587;ğŸ°;Shortcake
588;ğŸ¥§;Pie
589;ğŸ«;Chocolate Bar
590;ğŸ¬;Candy
591;ğŸ­;Lollipop
592;ğŸ®;Custard
593;ğŸ¯;Honey Pot
594;ğŸ¼;Baby Bottle
595;ğŸ¥›;Glass of Milk
596;â˜•;Hot Beverage
597;ğŸµ;Teacup Without Handle
598;ğŸ¶;Sake
599;ğŸ¾;Bottle With Popping Cork
600;ğŸ·;Wine Glass
601;ğŸ¸;Cocktail Glass
602;ğŸ¹;Tropical Drink
603;ğŸº;Beer Mug
604;ğŸ»;Clinking Beer Mugs
605;ğŸ¥‚;Clinking Glasses
606;ğŸ¥ƒ;Tumbler Glass
607;ğŸ¥¤;Cup With Straw
608;ğŸ¥¢;Chopsticks
609;ğŸ½;Fork and Knife With Plate
610;ğŸ´;Fork and Knife
611;ğŸ¥„;Spoon
613;ğŸ‘¾;Alien Monster
614;ğŸ§—â€â™€ï¸;Woman Climbing
615;ğŸ§—â€â™‚ï¸;Man Climbing
616;ğŸ§˜â€â™€ï¸;Woman in Lotus Position
617;ğŸ§˜â€â™‚ï¸;Man in Lotus Position
618;ğŸ•´;Man in Suit Levitating
619;ğŸ‡;Horse Racing
620;â›·;Skier
621;ğŸ‚;Snowboarder
622;ğŸŒ;Person Golfing
623;ğŸŒï¸â€â™‚ï¸;Man Golfing
624;ğŸŒï¸â€â™€ï¸;Woman Golfing
625;ğŸ„;Person Surfing
626;ğŸ„â€â™‚ï¸;Man Surfing
627;ğŸ„â€â™€ï¸;Woman Surfing
628;ğŸš£;Person Rowing Boat
629;ğŸš£â€â™‚ï¸;Man Rowing Boat
630;ğŸš£â€â™€ï¸;Woman Rowing Boat
631;ğŸŠ;Person Swimming
632;ğŸŠâ€â™‚ï¸;Man Swimming
633;ğŸŠâ€â™€ï¸;Woman Swimming
634;â›¹;Person Bouncing Ball
635;â›¹ï¸â€â™‚ï¸;Man Bouncing Ball
636;â›¹ï¸â€â™€ï¸;Woman Bouncing Ball
637;ğŸ‹;Person Lifting Weights
638;ğŸ‹ï¸â€â™‚ï¸;Man Lifting Weights
639;ğŸ‹ï¸â€â™€ï¸;Woman Lifting Weights
640;ğŸš´;Person Biking
641;ğŸš´â€â™‚ï¸;Man Biking
642;ğŸš´â€â™€ï¸;Woman Biking
643;ğŸšµ;Person Mountain Biking
644;ğŸšµâ€â™‚ï¸;Man Mountain Biking
645;ğŸšµâ€â™€ï¸;Woman Mountain Biking
646;ğŸ¤¸;Person Cartwheeling
647;ğŸ¤¸â€â™‚ï¸;Man Cartwheeling
648;ğŸ¤¸â€â™€ï¸;Woman Cartwheeling
649;ğŸ¤¼;People Wrestling
650;ğŸ¤¼â€â™‚ï¸;Men Wrestling
651;ğŸ¤¼â€â™€ï¸;Women Wrestling
652;ğŸ¤½;Person Playing Water Polo
653;ğŸ¤½â€â™‚ï¸;Man Playing Water Polo
654;ğŸ¤½â€â™€ï¸;Woman Playing Water Polo
655;ğŸ¤¾;Person Playing Handball
656;ğŸ¤¾â€â™‚ï¸;Man Playing Handball
657;ğŸ¤¾â€â™€ï¸;Woman Playing Handball
658;ğŸ¤¹;Person Juggling
659;ğŸ¤¹â€â™‚ï¸;Man Juggling
660;ğŸ¤¹â€â™€ï¸;Woman Juggling
661;ğŸª;Circus Tent
662;ğŸ—;Reminder Ribbon
663;ğŸŸ;Admission Tickets
664;ğŸ«;Ticket
665;ğŸ–;Military Medal
666;ğŸ†;Trophy
667;ğŸ…;Sports Medal
668;ğŸ¥‡;1st Place Medal
669;ğŸ¥ˆ;2nd Place Medal
670;ğŸ¥‰;3rd Place Medal
671;âš½;Soccer Ball
672;âš¾;Baseball
673;ğŸ€;Basketball
674;ğŸ;Volleyball
675;ğŸˆ;American Football
676;ğŸ‰;Rugby Football
677;ğŸ¾;Tennis
678;ğŸ³;Bowling
679;ğŸ;Cricket Game
680;ğŸ‘;Field Hockey
681;ğŸ’;Ice Hockey
682;ğŸ“;Ping Pong
683;ğŸ¸;Badminton
684;ğŸ¥Š;Boxing Glove
685;ğŸ¥‹;Martial Arts Uniform
686;â›³;Flag in Hole
687;â›¸;Ice Skate
688;ğŸ£;Fishing Pole
689;ğŸ½;Running Shirt
690;ğŸ¿;Skis
691;ğŸ›·;Sled
692;ğŸ¥Œ;Curling Stone
693;ğŸ¯;Direct Hit
694;ğŸ±;Pool 8 Ball
695;ğŸ®;Video Game
696;ğŸ°;Slot Machine
697;ğŸ²;Game Die
698;ğŸ­;Performing Arts
699;ğŸ¨;Artist Palette
700;ğŸ¼;Musical Score
701;ğŸ¤;Microphone
702;ğŸ§;Headphone
703;ğŸ·;Saxophone
704;ğŸ¸;Guitar
705;ğŸ¹;Musical Keyboard
706;ğŸº;Trumpet
707;ğŸ»;Violin
708;ğŸ¥;Drum
709;ğŸ¬;Clapper Board
710;ğŸ¹;Bow and Arrow
712;ğŸš£;Person Rowing Boat
713;ğŸ;Racing Car
714;ğŸ;Motorcycle
715;ğŸ—¾;Map of Japan
716;ğŸ”;Snow-Capped Mountain
717;â›°;Mountain
718;ğŸŒ‹;Volcano
719;ğŸ—»;Mount Fuji
720;ğŸ•;Camping
721;ğŸ–;Beach With Umbrella
722;ğŸœ;Desert
723;ğŸ;Desert Island
724;ğŸ;National Park
725;ğŸŸ;Stadium
726;ğŸ›;Classical Building
727;ğŸ—;Building Construction
728;ğŸ˜;Houses
729;ğŸš;Derelict House
730;ğŸ ;House
731;ğŸ¡;House With Garden
732;ğŸ¢;Office Building
733;ğŸ£;Japanese Post Office
734;ğŸ¤;Post Office
735;ğŸ¥;Hospital
736;ğŸ¦;Bank
737;ğŸ¨;Hotel
738;ğŸ©;Love Hotel
739;ğŸª;Convenience Store
740;ğŸ«;School
741;ğŸ¬;Department Store
742;ğŸ­;Factory
743;ğŸ¯;Japanese Castle
744;ğŸ°;Castle
745;ğŸ’’;Wedding
746;ğŸ—¼;Tokyo Tower
747;ğŸ—½;Statue of Liberty
748;â›ª;Church
749;ğŸ•Œ;Mosque
750;ğŸ•;Synagogue
751;â›©;Shinto Shrine
752;ğŸ•‹;Kaaba
753;â›²;Fountain
754;â›º;Tent
755;ğŸŒ;Foggy
756;ğŸŒƒ;Night With Stars
757;ğŸ™;Cityscape
758;ğŸŒ„;Sunrise Over Mountains
759;ğŸŒ…;Sunrise
760;ğŸŒ†;Cityscape at Dusk
761;ğŸŒ‡;Sunset
762;ğŸŒ‰;Bridge at Night
763;ğŸŒŒ;Milky Way
764;ğŸ ;Carousel Horse
765;ğŸ¡;Ferris Wheel
766;ğŸ¢;Roller Coaster
767;ğŸš‚;Locomotive
768;ğŸšƒ;Railway Car
769;ğŸš„;High-Speed Train
770;ğŸš…;Bullet Train
771;ğŸš†;Train
772;ğŸš‡;Metro
773;ğŸšˆ;Light Rail
774;ğŸš‰;Station
775;ğŸšŠ;Tram
776;ğŸš;Monorail
777;ğŸš;Mountain Railway
778;ğŸš‹;Tram Car
779;ğŸšŒ;Bus
780;ğŸš;Oncoming Bus
781;ğŸš;Trolleybus
782;ğŸš;Minibus
783;ğŸš‘;Ambulance
784;ğŸš’;Fire Engine
785;ğŸš“;Police Car
786;ğŸš”;Oncoming Police Car
787;ğŸš•;Taxi
788;ğŸš–;Oncoming Taxi
789;ğŸš—;Automobile
790;ğŸš˜;Oncoming Automobile
791;ğŸšš;Delivery Truck
792;ğŸš›;Articulated Lorry
793;ğŸšœ;Tractor
794;ğŸš²;Bicycle
795;ğŸ›´;Kick Scooter
796;ğŸ›µ;Motor Scooter
797;ğŸš;Bus Stop
798;ğŸ›¤;Railway Track
799;â›½;Fuel Pump
800;ğŸš¨;Police Car Light
801;ğŸš¥;Horizontal Traffic Light
802;ğŸš¦;Vertical Traffic Light
803;ğŸš§;Construction
804;âš“;Anchor
805;â›µ;Sailboat
806;ğŸš¤;Speedboat
807;ğŸ›³;Passenger Ship
808;â›´;Ferry
809;ğŸ›¥;Motor Boat
810;ğŸš¢;Ship
811;âœˆ;Airplane
812;ğŸ›©;Small Airplane
813;ğŸ›«;Airplane Departure
814;ğŸ›¬;Airplane Arrival
815;ğŸ’º;Seat
816;ğŸš;Helicopter
817;ğŸšŸ;Suspension Railway
818;ğŸš ;Mountain Cableway
819;ğŸš¡;Aerial Tramway
820;ğŸ›°;Satellite
821;ğŸš€;Rocket
822;ğŸ›¸;Flying Saucer
823;ğŸŒ ;Shooting Star
824;â›±;Umbrella on Ground
825;ğŸ†;Fireworks
826;ğŸ‡;Sparkler
827;ğŸ‘;Moon Viewing Ceremony
828;ğŸ’´;Yen Banknote
829;ğŸ’µ;Dollar Banknote
830;ğŸ’¶;Euro Banknote
831;ğŸ’·;Pound Banknote
832;ğŸ—¿;Moai
833;ğŸ›‚;Passport Control
834;ğŸ›ƒ;Customs
835;ğŸ›„;Baggage Claim
836;ğŸ›…;Left Luggage
838;â˜ ;Skull and Crossbones
839;ğŸ›€;Person Taking Bath
840;ğŸ›Œ;Person in Bed
841;ğŸ’Œ;Love Letter
842;ğŸ’£;Bomb
843;ğŸ•³;Hole
844;ğŸ›;Shopping Bags
845;ğŸ“¿;Prayer Beads
846;ğŸ’;Gem Stone
847;ğŸ”ª;Kitchen Knife
848;ğŸº;Amphora
849;ğŸ—º;World Map
850;ğŸ’ˆ;Barber Pole
851;ğŸ›¢;Oil Drum
852;ğŸ›;Bellhop Bell
853;âŒ›;Hourglass Done
854;â³;Hourglass Not Done
855;âŒš;Watch
856;â°;Alarm Clock
857;â±;Stopwatch
858;â²;Timer Clock
859;ğŸ•°;Mantelpiece Clock
860;ğŸŒ¡;Thermometer
861;â›±;Umbrella on Ground
862;ğŸˆ;Balloon
863;ğŸ‰;Party Popper
864;ğŸŠ;Confetti Ball
865;ğŸ;Japanese Dolls
866;ğŸ;Carp Streamer
867;ğŸ;Wind Chime
868;ğŸ€;Ribbon
869;ğŸ;Wrapped Gift
870;ğŸ”®;Crystal Ball
871;ğŸ•¹;Joystick
872;ğŸ–¼;Framed Picture
873;ğŸ“¯;Postal Horn
874;ğŸ™;Studio Microphone
875;ğŸš;Level Slider
876;ğŸ›;Control Knobs
877;ğŸ“»;Radio
878;ğŸ“±;Mobile Phone
879;ğŸ“²;Mobile Phone With Arrow
880;â˜;Telephone
881;ğŸ“;Telephone Receiver
882;ğŸ“Ÿ;Pager
883;ğŸ“ ;Fax Machine
884;ğŸ”‹;Battery
885;ğŸ”Œ;Electric Plug
886;ğŸ’»;Laptop Computer
887;ğŸ–¥;Desktop Computer
888;ğŸ–¨;Printer
889;âŒ¨;Keyboard
890;ğŸ–±;Computer Mouse
891;ğŸ–²;Trackball
892;ğŸ’½;Computer Disk
893;ğŸ’¾;Floppy Disk
894;ğŸ’¿;Optical Disk
895;ğŸ“€;DVD
896;ğŸ¥;Movie Camera
897;ğŸ;Film Frames
898;ğŸ“½;Film Projector
899;ğŸ“º;Television
900;ğŸ“·;Camera
901;ğŸ“¸;Camera With Flash
902;ğŸ“¹;Video Camera
903;ğŸ“¼;Videocassette
904;ğŸ”;Magnifying Glass Tilted Left
905;ğŸ”;Magnifying Glass Tilted Right
906;ğŸ•¯;Candle
907;ğŸ’¡;Light Bulb
908;ğŸ”¦;Flashlight
909;ğŸ®;Red Paper Lantern
910;ğŸ“”;Notebook With Decorative Cover
911;ğŸ“•;Closed Book
912;ğŸ“–;Open Book
913;ğŸ“—;Green Book
914;ğŸ“˜;Blue Book
915;ğŸ“™;Orange Book
916;ğŸ“š;Books
917;ğŸ““;Notebook
918;ğŸ“ƒ;Page With Curl
919;ğŸ“œ;Scroll
920;ğŸ“„;Page Facing Up
921;ğŸ“°;Newspaper
922;ğŸ—;Rolled-Up Newspaper
923;ğŸ“‘;Bookmark Tabs
924;ğŸ”–;Bookmark
925;ğŸ·;Label
926;ğŸ’°;Money Bag
927;ğŸ’´;Yen Banknote
928;ğŸ’µ;Dollar Banknote
929;ğŸ’¶;Euro Banknote
930;ğŸ’·;Pound Banknote
931;ğŸ’¸;Money With Wings
932;ğŸ’³;Credit Card
933;âœ‰;Envelope
934;ğŸ“§;E-Mail
935;ğŸ“¨;Incoming Envelope
936;ğŸ“©;Envelope With Arrow
937;ğŸ“¤;Outbox Tray
938;ğŸ“¥;Inbox Tray
939;ğŸ“¦;Package
940;ğŸ“«;Closed Mailbox With Raised Flag
941;ğŸ“ª;Closed Mailbox With Lowered Flag
942;ğŸ“¬;Open Mailbox With Raised Flag
943;ğŸ“­;Open Mailbox With Lowered Flag
944;ğŸ“®;Postbox
945;ğŸ—³;Ballot Box With Ballot
946;âœ;Pencil
947;âœ’;Black Nib
948;ğŸ–‹;Fountain Pen
949;ğŸ–Š;Pen
950;ğŸ–Œ;Paintbrush
951;ğŸ–;Crayon
952;ğŸ“;Memo
953;ğŸ“;File Folder
954;ğŸ“‚;Open File Folder
955;ğŸ—‚;Card Index Dividers
956;ğŸ“…;Calendar
957;ğŸ“†;Tear-Off Calendar
958;ğŸ—’;Spiral Notepad
959;ğŸ—“;Spiral Calendar
960;ğŸ“‡;Card Index
961;ğŸ“ˆ;Chart Increasing
962;ğŸ“‰;Chart Decreasing
963;ğŸ“Š;Bar Chart
964;ğŸ“‹;Clipboard
965;ğŸ“Œ;Pushpin
966;ğŸ“;Round Pushpin
967;ğŸ“;Paperclip
968;ğŸ–‡;Linked Paperclips
969;ğŸ“;Straight Ruler
970;ğŸ“;Triangular Ruler
971;âœ‚;Scissors
972;ğŸ—ƒ;Card File Box
973;ğŸ—„;File Cabinet
974;ğŸ—‘;Wastebasket
975;ğŸ”’;Locked
976;ğŸ”“;Unlocked
977;ğŸ”;Locked With Pen
978;ğŸ”;Locked With Key
979;ğŸ”‘;Key
980;ğŸ—;Old Key
981;ğŸ”¨;Hammer
982;â›;Pick
983;âš’;Hammer and Pick
984;ğŸ› ;Hammer and Wrench
985;ğŸ—¡;Dagger
986;âš”;Crossed Swords
987;ğŸ”«;Pistol
988;ğŸ›¡;Shield
989;ğŸ”§;Wrench
990;ğŸ”©;Nut and Bolt
991;âš™;Gear
992;ğŸ—œ;Clamp
993;âš–;Balance Scale
994;ğŸ”—;Link
995;â›“;Chains
996;âš—;Alembic
997;ğŸ”¬;Microscope
998;ğŸ”­;Telescope
999;ğŸ“¡;Satellite Antenna
1000;ğŸ’‰;Syringe
1001;ğŸ’Š;Pill
1002;ğŸšª;Door
1003;ğŸ›;Bed
1004;ğŸ›‹;Couch and Lamp
1005;ğŸš½;Toilet
1006;ğŸš¿;Shower
1007;ğŸ›;Bathtub
1008;ğŸš¬;Cigarette
1009;âš°;Coffin
1010;âš±;Funeral Urn
1011;ğŸ—¿;Moai
1012;ğŸš°;Potable Water
1014;ğŸ‘ï¸â€ğŸ—¨ï¸;Eye in Speech Bubble
1015;ğŸ’˜;Heart With Arrow
1016;â¤;Red Heart
1017;ğŸ’“;Beating Heart
1018;ğŸ’”;Broken Heart
1019;ğŸ’•;Two Hearts
1020;ğŸ’–;Sparkling Heart
1021;ğŸ’—;Growing Heart
1022;ğŸ’™;Blue Heart
1023;ğŸ’š;Green Heart
1024;ğŸ’›;Yellow Heart
1025;ğŸ§¡;Orange Heart
1026;ğŸ’œ;Purple Heart
1027;ğŸ–¤;Black Heart
1028;ğŸ’;Heart With Ribbon
1029;ğŸ’;Revolving Hearts
1030;ğŸ’Ÿ;Heart Decoration
1031;â£;Heavy Heart Exclamation
1032;ğŸ’¤;Zzz
1033;ğŸ’¢;Anger Symbol
1034;ğŸ’¬;Speech Balloon
1035;ğŸ—¯;Right Anger Bubble
1036;ğŸ’­;Thought Balloon
1037;ğŸ’®;White Flower
1038;â™¨;Hot Springs
1039;ğŸ’ˆ;Barber Pole
1040;ğŸ›‘;Stop Sign
1041;ğŸ•›;Twelve Oâ€™clock
1042;ğŸ•§;Twelve-Thirty
1043;ğŸ•;One Oâ€™clock
1044;ğŸ•œ;One-Thirty
1045;ğŸ•‘;Two Oâ€™clock
1046;ğŸ•;Two-Thirty
1047;ğŸ•’;Three Oâ€™clock
1048;ğŸ•;Three-Thirty
1049;ğŸ•“;Four Oâ€™clock
1050;ğŸ•Ÿ;Four-Thirty
1051;ğŸ•”;Five Oâ€™clock
1052;ğŸ• ;Five-Thirty
1053;ğŸ••;Six Oâ€™clock
1054;ğŸ•¡;Six-Thirty
1055;ğŸ•–;Seven Oâ€™clock
1056;ğŸ•¢;Seven-Thirty
1057;ğŸ•—;Eight Oâ€™clock
1058;ğŸ•£;Eight-Thirty
1059;ğŸ•˜;Nine Oâ€™clock
1060;ğŸ•¤;Nine-Thirty
1061;ğŸ•™;Ten Oâ€™clock
1062;ğŸ•¥;Ten-Thirty
1063;ğŸ•š;Eleven Oâ€™clock
1064;ğŸ•¦;Eleven-Thirty
1065;ğŸŒ€;Cyclone
1066;â™ ;Spade Suit
1067;â™¥;Heart Suit
1068;â™¦;Diamond Suit
1069;â™£;Club Suit
1070;ğŸƒ;Joker
1071;ğŸ€„;Mahjong Red Dragon
1072;ğŸ´;Flower Playing Cards
1073;ğŸ”‡;Muted Speaker
1074;ğŸ”ˆ;Speaker Low Volume
1075;ğŸ”‰;Speaker Medium Volume
1076;ğŸ”Š;Speaker High Volume
1077;ğŸ“¢;Loudspeaker
1078;ğŸ“£;Megaphone
1079;ğŸ“¯;Postal Horn
1080;ğŸ””;Bell
1081;ğŸ”•;Bell With Slash
1082;ğŸµ;Musical Note
1083;ğŸ¶;Musical Notes
1084;ğŸ§;Atm Sign
1085;ğŸš®;Litter in Bin Sign
1086;ğŸš°;Potable Water
1087;â™¿;Wheelchair Symbol
1088;ğŸš¹;Menâ€™s Room
1089;ğŸšº;Womenâ€™s Room
1090;ğŸš»;Restroom
1091;ğŸš¼;Baby Symbol
1092;ğŸš¾;Water Closet
1093;âš ;Warning
1094;ğŸš¸;Children Crossing
1095;â›”;No Entry
1096;ğŸš«;Prohibited
1097;ğŸš³;No Bicycles
1098;ğŸš­;No Smoking
1099;ğŸš¯;No Littering
1100;ğŸš±;Non-Potable Water
1101;ğŸš·;No Pedestrians
1102;ğŸ”;No One Under Eighteen
1103;â˜¢;Radioactive
1104;â˜£;Biohazard
1105;â¬†;Up Arrow
1106;â†—;Up-Right Arrow
1107;â¡;Right Arrow
1108;â†˜;Down-Right Arrow
1109;â¬‡;Down Arrow
1110;â†™;Down-Left Arrow
1111;â¬…;Left Arrow
1112;â†–;Up-Left Arrow
1113;â†•;Up-Down Arrow
1114;â†”;Left-Right Arrow
1115;â†©;Right Arrow Curving Left
1116;â†ª;Left Arrow Curving Right
1117;â¤´;Right Arrow Curving Up
1118;â¤µ;Right Arrow Curving Down
1119;ğŸ”ƒ;Clockwise Vertical Arrows
1120;ğŸ”„;Counterclockwise Arrows Button
1121;ğŸ”™;Back Arrow
1122;ğŸ”š;End Arrow
1123;ğŸ”›;On! Arrow
1124;ğŸ”œ;Soon Arrow
1125;ğŸ”;Top Arrow
1126;ğŸ›;Place of Worship
1127;âš›;Atom Symbol
1128;ğŸ•‰;Om
1129;âœ¡;Star of David
1130;â˜¸;Wheel of Dharma
1131;â˜¯;Yin Yang
1132;âœ;Latin Cross
1133;â˜¦;Orthodox Cross
1134;â˜ª;Star and Crescent
1135;â˜®;Peace Symbol
1136;ğŸ•;Menorah
1137;ğŸ”¯;Dotted Six-Pointed Star
1138;â™ˆ;Aries
1139;â™‰;Taurus
1140;â™Š;Gemini
1141;â™‹;Cancer
1142;â™Œ;Leo
1143;â™;Virgo
1144;â™;Libra
1145;â™;Scorpio
1146;â™;Sagittarius
1147;â™‘;Capricorn
1148;â™’;Aquarius
1149;â™“;Pisces
1150;â›;Ophiuchus
1151;ğŸ”€;Shuffle Tracks Button
1152;ğŸ”;Repeat Button
1153;ğŸ”‚;Repeat Single Button
1154;â–¶;Play Button
1155;â©;Fast-Forward Button
1156;â—€;Reverse Button
1157;âª;Fast Reverse Button
1158;ğŸ”¼;Upwards Button
1159;â«;Fast Up Button
1160;ğŸ”½;Downwards Button
1161;â¬;Fast Down Button
1162;â¹;Stop Button
1163;â;Eject Button
1164;ğŸ¦;Cinema
1165;ğŸ”…;Dim Button
1166;ğŸ”†;Bright Button
1167;ğŸ“¶;Antenna Bars
1168;ğŸ“³;Vibration Mode
1169;ğŸ“´;Mobile Phone Off
1170;â™»;Recycling Symbol
1171;ğŸ”±;Trident Emblem
1172;ğŸ“›;Name Badge
1173;ğŸ”°;Japanese Symbol for Beginner
1174;â­•;Heavy Large Circle
1175;âœ…;White Heavy Check Mark
1176;â˜‘;Ballot Box With Check
1177;âœ”;Heavy Check Mark
1178;âœ–;Heavy Multiplication X
1179;âŒ;Cross Mark
1180;â;Cross Mark Button
1181;â•;Heavy Plus Sign
1182;â–;Heavy Minus Sign
1183;â—;Heavy Division Sign
1184;â°;Curly Loop
1185;â¿;Double Curly Loop
1186;ã€½;Part Alternation Mark
1187;âœ³;Eight-Spoked Asterisk
1188;âœ´;Eight-Pointed Star
1189;â‡;Sparkle
1190;â€¼;Double Exclamation Mark
1191;â‰;Exclamation Question Mark
1192;â“;Question Mark
1193;â”;White Question Mark
1194;â•;White Exclamation Mark
1195;â—;Exclamation Mark
1196;Â©;Copyright
1197;Â®;Registered
1198;â„¢;Trade Mark
1199;#ï¸âƒ£;Keycap Number Sign
1200;0ï¸âƒ£;Keycap Digit Zero
1201;1ï¸âƒ£;Keycap Digit One
1202;2ï¸âƒ£;Keycap Digit Two
1203;3ï¸âƒ£;Keycap Digit Three
1204;4ï¸âƒ£;Keycap Digit Four
1205;5ï¸âƒ£;Keycap Digit Five
1206;6ï¸âƒ£;Keycap Digit Six
1207;7ï¸âƒ£;Keycap Digit Seven
1208;8ï¸âƒ£;Keycap Digit Eight
1209;9ï¸âƒ£;Keycap Digit Nine
1210;ğŸ”Ÿ;Keycap 10
1211;ğŸ’¯;Hundred Points
1212;ğŸ” ;Input Latin Uppercase
1213;ğŸ”¡;Input Latin Lowercase
1214;ğŸ”¢;Input Numbers
1215;ğŸ”£;Input Symbols
1216;ğŸ”¤;Input Latin Letters
1217;ğŸ…°;A Button (blood Type)
1218;ğŸ†;Ab Button (blood Type)
1219;ğŸ…±;B Button (blood Type)
1220;ğŸ†‘;CL Button
1221;ğŸ†’;Cool Button
1222;ğŸ†“;Free Button
1223;â„¹;Information
1224;ğŸ†”;ID Button
1225;â“‚;Circled M
1226;ğŸ†•;New Button
1227;ğŸ†–;NG Button
1228;ğŸ…¾;O Button (blood Type)
1229;ğŸ†—;OK Button
1230;ğŸ…¿;P Button
1231;ğŸ†˜;SOS Button
1232;ğŸ†™;Up! Button
1233;ğŸ†š;Vs Button
1234;ğŸˆ;Japanese â€œhereâ€ Button
1235;ğŸˆ‚;Japanese â€œservice Chargeâ€ Button
1236;ğŸˆ·;Japanese â€œmonthly Amountâ€ Button
1237;ğŸˆ¶;Japanese â€œnot Free of Chargeâ€ Button
1238;ğŸˆ¯;Japanese â€œreservedâ€ Button
1239;ğŸ‰;Japanese â€œbargainâ€ Button
1240;ğŸˆ¹;Japanese â€œdiscountâ€ Button
1241;ğŸˆš;Japanese â€œfree of Chargeâ€ Button
1242;ğŸˆ²;Japanese â€œprohibitedâ€ Button
1243;ğŸ‰‘;Japanese â€œacceptableâ€ Button
1244;ğŸˆ¸;Japanese â€œapplicationâ€ Button
1245;ğŸˆ´;Japanese â€œpassing Gradeâ€ Button
1246;ğŸˆ³;Japanese â€œvacancyâ€ Button
1247;ãŠ—;Japanese â€œcongratulationsâ€ Button
1248;ãŠ™;Japanese â€œsecretâ€ Button
1249;ğŸˆº;Japanese â€œopen for Businessâ€ Button
1250;ğŸˆµ;Japanese â€œno Vacancyâ€ Button
1251;â–ª;Black Small Square
1252;â–«;White Small Square
1253;â—»;White Medium Square
1254;â—¼;Black Medium Square
1255;â—½;White Medium-Small Square
1256;â—¾;Black Medium-Small Square
1257;â¬›;Black Large Square
1258;â¬œ;White Large Square
1259;ğŸ”¶;Large Orange Diamond
1260;ğŸ”·;Large Blue Diamond
1261;ğŸ”¸;Small Orange Diamond
1262;ğŸ”¹;Small Blue Diamond
1263;ğŸ”º;Red Triangle Pointed Up
1264;ğŸ”»;Red Triangle Pointed Down
1265;ğŸ’ ;Diamond With a Dot
1266;ğŸ”²;Black Square Button
1267;ğŸ”³;White Square Button
1268;âšª;White Circle
1269;âš«;Black Circle
1270;ğŸ”´;Red Circle
1271;ğŸ”µ;Blue Circle
1273;ğŸ;Chequered Flag
1274;ğŸš©;Triangular Flag
1275;ğŸŒ;Crossed Flags
1276;ğŸ´;Black Flag
1277;ğŸ³;White Flag
1278;ğŸ³ï¸â€ğŸŒˆ;Rainbow Flag
1279;ğŸ´â€â˜ ï¸;Pirate Flag